{
  "cli": {
    "version": ">= 16.17.4",
    "appVersionSource": "remote"
  },
  "build": {
    "development": {
      "developmentClient": true,
      "distribution": "internal"
    },
    "preview": {
      "android": {
        "buildType": "apk"
      },
      "ios": {
        "simulator": true
      },
      "distribution": "internal"
    },
    "production": {
      "distribution": "store",
      "android": {
        "buildType": "apk"
      },
      "autoIncrement": true
    }
  },
  "submit": {
    "production": {}
  }
}
